account_id,name,address,latest_update_datetime,queue,status
10180,Olivia Davis,"3 Elm Street, Limerick",2025-02-18T07:51:39.000000,COLLECTIONS,TELSOLUTIONS1
10474,John Rodriguez,"95 Elm Street, Cork",2025-01-01T08:37:12.000000,COLLECTIONS,TELSOLUTIONS1
10506,David Jones,"106 Pine Road, Waterford",2025-09-01T10:40:46.000000,LEGAL,LEG VERIF 2
10585,Michael Davis,"71 Riverside Drive, Belfast",2025-09-26T16:08:37.000000,COLLECTIONS,PAY OVER
10869,John Williams,"5 Hillcrest Road, Dublin",2025-11-09T13:39:45.000000,COLLECTIONS,CANCEL4
11336,Emma Smith,"64 Pine Road, Sligo",2025-11-19T18:37:00.000000,LEGAL,HOLD FO
11352,Alex Johnson,"38 Hillcrest Road, Sligo",2025-11-09T01:06:17.000000,LEGAL,LEG_TIT
11356,Maria Williams,"147 Oak Street, Galway",2025-11-11T05:34:49.000000,LEGAL,LEG VERIF 2
11449,Daniel Miller,"6 Hillcrest Road, Waterford",2025-08-16T01:20:26.000000,COLLECTIONS,CASSIST2
11916,John Miller,"42 Cedar Lane, Kilkenny",2025-10-04T03:40:59.000000,COLLECTIONS,PAY OVER
12247,Laura Smith,"200 Pine Road, Dublin",2025-08-09T02:48:48.000000,COLLECTIONS,PAY OVER
13206,Michael Brown,"71 Hillcrest Road, Sligo",2025-03-19T23:56:32.000000,LEGAL,LEG_TIT
13356,James Jones,"85 Cedar Lane, Cork",2025-06-09T15:01:11.000000,LEGAL,LEG VERIF 1
13416,Emma Wilson,"58 Pine Road, Dublin",2025-09-03T12:50:09.000000,COLLECTIONS,PRIME
13484,Maria Davis,"129 Cedar Lane, Galway",2025-09-14T09:54:05.000000,LEGAL,LEG VERIF 2
13664,Emma Wilson,"1 Cedar Lane, Galway",2025-11-07T15:43:36.000000,LEGAL,LEG VERIF 1
13787,Laura Wilson,"88 Elm Street, Cork",2025-07-19T22:46:47.000000,COLLECTIONS,PRIME_D
13883,David Smith,"74 Sunset Boulevard, Cork",2025-09-24T12:09:08.000000,COLLECTIONS,PAY OVER
13989,Sophia Rodriguez,"95 Cedar Lane, Dublin",2025-04-08T14:18:06.000000,COLLECTIONS,PAY OVER
14117,Sophia Jones,"44 Cedar Lane, Dublin",2025-08-21T12:05:58.000000,COLLECTIONS,PRIME_D
14567,Sophia Davis,"52 Elm Street, Belfast",2025-09-07T08:44:58.000000,COLLECTIONS,CASSIST2
14671,Michael Rodriguez,"133 Pine Road, Sligo",2025-10-19T12:00:29.000000,LEGAL,LEG VERIF 2
14961,John Davis,"179 Riverside Drive, Dublin",2025-07-28T14:20:07.000000,COLLECTIONS,PRIME_D
15248,Maria Martinez,"86 Elm Street, Belfast",2025-10-25T18:55:58.000000,LEGAL,LEG VERIF 2
15680,John Miller,"125 Sunset Boulevard, Sligo",2025-07-16T01:45:15.000000,LEGAL,LEG_NOT
15757,Sophia Williams,"79 Sunset Boulevard, Dublin",2025-10-20T00:56:36.000000,COLLECTIONS,TELSOLUTIONS1
16077,Alex Jones,"35 Riverside Drive, Waterford",2025-11-21T16:18:50.000000,LEGAL,LEG VERIF 2
16198,Laura Williams,"167 Elm Street, Limerick",2025-07-03T14:34:27.000000,COLLECTIONS,TELSOLUTIONS4
16402,Sarah Rodriguez,"146 Maple Avenue, Limerick",2025-02-13T20:42:32.000000,COLLECTIONS,CANCEL4
16628,Sarah Rodriguez,"164 Pine Road, Galway",2025-08-03T01:17:21.000000,COLLECTIONS,CANCEL4
16913,Laura Smith,"142 Riverside Drive, Cork",2025-03-24T17:13:45.000000,LEGAL,HOLD FO
17320,Maria Martinez,"117 Sunset Boulevard, Belfast",2025-11-20T11:52:32.000000,COLLECTIONS,CASSIST2
17346,Daniel Wilson,"37 Riverside Drive, Limerick",2025-11-23T12:22:31.000000,COLLECTIONS,CANCEL4
17880,Emma Davis,"52 Pine Road, Cork",2025-10-25T15:59:56.000000,COLLECTIONS,CANCEL2
17948,Alex Martinez,"128 Riverside Drive, Kilkenny",2025-06-17T17:16:00.000000,COLLECTIONS,CANCEL2
17993,Alex Smith,"170 Sunset Boulevard, Belfast",2025-11-20T12:01:04.000000,COLLECTIONS,CASSIST2
18486,Olivia Rodriguez,"20 Oak Street, Dublin",2025-09-22T14:57:12.000000,LEGAL,LEG VERIF 1
18838,Alex Martinez,"163 Elm Street, Limerick",2025-05-17T09:01:23.000000,COLLECTIONS,TELSOLUTIONS1
19086,Laura Brown,"88 Cedar Lane, Sligo",2025-05-28T13:29:02.000000,LEGAL,LEG VERIF 1
19099,Michael Smith,"93 Pine Road, Waterford",2025-11-03T17:03:19.000000,LEGAL,LEG_TIT
19372,Michael Johnson,"33 Maple Avenue, Belfast",2025-10-03T09:46:32.000000,COLLECTIONS,PAY OVER
19413,Sophia Jones,"52 Sunset Boulevard, Limerick",2025-09-11T17:03:49.000000,COLLECTIONS,PAY OVER
19523,Michael Wilson,"179 Elm Street, Sligo",2025-11-23T04:13:42.000000,COLLECTIONS,CANCEL4
19675,James Davis,"154 Hillcrest Road, Dublin",2025-08-09T03:44:39.000000,LEGAL,LEG VERIF 1
19986,Alex Smith,"130 Oak Street, Galway",2025-11-10T05:18:49.000000,LEGAL,LEG_NOT
20233,Michael Davis,"60 Riverside Drive, Belfast",2025-04-08T17:55:05.000000,COLLECTIONS,PRIME_D
20307,James Williams,"149 Riverside Drive, Limerick",2025-10-19T19:38:50.000000,COLLECTIONS,CASSIST2
20507,Olivia Rodriguez,"17 Maple Avenue, Dublin",2025-10-18T02:33:31.000000,LEGAL,HOLD FO
21399,David Williams,"41 Pine Road, Sligo",2025-10-01T21:08:22.000000,LEGAL,LEG VERIF 1
21415,David Jones,"172 Maple Avenue, Kilkenny",2025-11-26T09:39:41.000000,COLLECTIONS,CASSIST2
21418,Sarah Miller,"81 Riverside Drive, Galway",2025-02-11T05:12:44.000000,LEGAL,HOLD FO
21453,John Garcia,"90 Sunset Boulevard, Waterford",2025-11-23T18:14:03.000000,LEGAL,LEG VERIF 2
21489,Daniel Jones,"50 Riverside Drive, Galway",2025-08-26T02:12:51.000000,LEGAL,LEG VERIF 2
21698,Emma Miller,"48 Cedar Lane, Dublin",2025-02-24T01:37:01.000000,COLLECTIONS,TELSOLUTIONS1
22047,James Jones,"37 Sunset Boulevard, Belfast",2025-11-20T02:24:24.000000,LEGAL,HOLD FO
22367,Maria Martinez,"51 Elm Street, Dublin",2025-08-24T00:58:46.000000,COLLECTIONS,PRIME_D
23382,David Garcia,"142 Hillcrest Road, Galway",2025-08-10T02:04:26.000000,LEGAL,LEG VERIF 1
23780,David Williams,"197 Hillcrest Road, Cork",2025-02-14T17:38:33.000000,COLLECTIONS,PRIME_D
23982,James Jones,"81 Pine Road, Kilkenny",2025-04-09T17:45:35.000000,LEGAL,HOLD FO
24815,Laura Garcia,"134 Riverside Drive, Kilkenny",2025-03-19T09:36:41.000000,COLLECTIONS,CASSIST2
25000,Maria Martinez,"48 Elm Street, Galway",2025-07-28T11:24:09.000000,COLLECTIONS,TELSOLUTIONS1
25073,John Davis,"156 Elm Street, Galway",2025-11-12T13:16:57.000000,LEGAL,LEG VERIF 2
25633,Daniel Williams,"32 Sunset Boulevard, Sligo",2025-06-19T08:43:52.000000,COLLECTIONS,CANCEL4
25635,David Martinez,"75 Maple Avenue, Galway",2025-03-20T15:49:14.000000,LEGAL,LEG_NOT
25733,David Brown,"63 Sunset Boulevard, Kilkenny",2025-08-02T08:20:00.000000,LEGAL,LEG VERIF 1
26168,Maria Williams,"120 Cedar Lane, Belfast",2025-07-27T23:07:54.000000,COLLECTIONS,PRIME
26232,Daniel Davis,"106 Pine Road, Belfast",2025-10-06T01:40:15.000000,COLLECTIONS,PRIME_D
26514,Sophia Smith,"135 Sunset Boulevard, Limerick",2025-06-06T04:50:02.000000,LEGAL,HOLD FO
26686,James Johnson,"43 Riverside Drive, Waterford",2025-10-21T06:44:06.000000,LEGAL,LEG_TIT
26696,Sarah Rodriguez,"73 Maple Avenue, Kilkenny",2025-08-31T16:04:45.000000,LEGAL,LEG_TIT
26742,Laura Miller,"18 Maple Avenue, Waterford",2025-10-06T09:31:55.000000,COLLECTIONS,PRIME_D
26918,Alex Miller,"81 Hillcrest Road, Belfast",2025-03-30T05:49:38.000000,COLLECTIONS,TELSOLUTIONS1
27223,Sophia Rodriguez,"165 Cedar Lane, Kilkenny",2025-10-08T07:58:10.000000,COLLECTIONS,TELSOLUTIONS1
27482,Sophia Smith,"93 Elm Street, Dublin",2025-10-25T07:57:38.000000,LEGAL,LEG_NOT
27497,John Garcia,"165 Maple Avenue, Limerick",2025-09-06T19:40:15.000000,COLLECTIONS,CANCEL2
27543,John Jones,"90 Elm Street, Kilkenny",2025-09-21T13:10:37.000000,COLLECTIONS,TELSOLUTIONS1
27620,Daniel Wilson,"79 Sunset Boulevard, Sligo",2025-11-06T08:38:52.000000,COLLECTIONS,TELSOLUTIONS4
27789,Laura Johnson,"199 Riverside Drive, Limerick",2025-08-26T09:34:12.000000,COLLECTIONS,PRIME_D
27800,Olivia Davis,"28 Sunset Boulevard, Waterford",2025-10-08T23:58:04.000000,LEGAL,LEG_NOT
28382,Daniel Miller,"64 Maple Avenue, Kilkenny",2025-04-17T17:10:55.000000,LEGAL,LEG_NOT
28442,Emma Rodriguez,"145 Elm Street, Dublin",2025-09-22T10:55:37.000000,LEGAL,LEG_TIT
28504,Maria Jones,"169 Oak Street, Sligo",2025-10-07T16:11:11.000000,COLLECTIONS,PAY OVER
29210,David Brown,"69 Oak Street, Kilkenny",2025-03-13T17:37:05.000000,LEGAL,LEG VERIF 2
29593,Laura Jones,"9 Cedar Lane, Dublin",2025-05-31T09:46:06.000000,COLLECTIONS,CASSIST2
29623,James Smith,"134 Riverside Drive, Waterford",2025-01-13T13:42:04.000000,COLLECTIONS,PAY OVER
29836,John Johnson,"74 Sunset Boulevard, Waterford",2025-10-01T16:22:53.000000,COLLECTIONS,TELSOLUTIONS4
30496,John Wilson,"28 Riverside Drive, Galway",2025-05-10T07:53:43.000000,LEGAL,LEG_NOT
30531,Sarah Garcia,"107 Sunset Boulevard, Waterford",2025-03-25T04:45:37.000000,LEGAL,LEG_TIT
30746,Alex Miller,"32 Oak Street, Cork",2025-07-31T18:35:22.000000,COLLECTIONS,CANCEL2
30817,Daniel Johnson,"134 Hillcrest Road, Limerick",2025-10-28T20:26:40.000000,LEGAL,LEG_TIT
30943,Sarah Brown,"85 Sunset Boulevard, Dublin",2025-11-04T04:16:28.000000,COLLECTIONS,CANCEL2
31172,Olivia Smith,"102 Sunset Boulevard, Dublin",2025-07-19T11:12:14.000000,LEGAL,LEG_TIT
31233,Daniel Wilson,"55 Maple Avenue, Waterford",2025-11-05T16:00:36.000000,COLLECTIONS,CASSIST2
31463,Sarah Garcia,"113 Hillcrest Road, Galway",2025-02-24T14:16:44.000000,COLLECTIONS,CASSIST2
31527,Sarah Garcia,"145 Oak Street, Kilkenny",2025-09-07T19:33:32.000000,COLLECTIONS,TELSOLUTIONS1
31658,Alex Wilson,"73 Riverside Drive, Cork",2025-09-14T04:51:50.000000,COLLECTIONS,PAY OVER
31903,Alex Brown,"183 Cedar Lane, Waterford",2025-09-08T07:51:06.000000,COLLECTIONS,TELSOLUTIONS1
31933,David Williams,"15 Elm Street, Cork",2025-09-08T02:15:28.000000,COLLECTIONS,TELSOLUTIONS4
32252,Michael Brown,"111 Elm Street, Belfast",2025-06-26T10:35:14.000000,LEGAL,LEG VERIF 2
32283,James Johnson,"41 Pine Road, Cork",2025-09-15T15:08:39.000000,LEGAL,LEG VERIF 1
32552,Sophia Smith,"145 Cedar Lane, Cork",2025-09-22T00:01:16.000000,LEGAL,HOLD FO
32687,Michael Wilson,"97 Cedar Lane, Dublin",2025-06-29T15:30:27.000000,COLLECTIONS,TELSOLUTIONS1
32832,Sophia Davis,"68 Sunset Boulevard, Limerick",2025-02-28T06:34:35.000000,COLLECTIONS,CASSIST2
32998,James Wilson,"1 Elm Street, Galway",2025-08-30T06:40:11.000000,LEGAL,HOLD FO
33057,Olivia Jones,"21 Hillcrest Road, Cork",2025-07-16T21:24:37.000000,COLLECTIONS,PRIME_D
33347,David Jones,"157 Sunset Boulevard, Sligo",2025-09-13T13:23:57.000000,LEGAL,LEG VERIF 1
33376,Emma Smith,"35 Sunset Boulevard, Kilkenny",2025-11-09T21:49:27.000000,COLLECTIONS,PAY OVER
33687,Michael Wilson,"175 Pine Road, Belfast",2025-07-05T06:10:11.000000,COLLECTIONS,TELSOLUTIONS1
33783,Emma Garcia,"158 Cedar Lane, Belfast",2025-01-08T10:23:35.000000,LEGAL,LEG_TIT
34002,James Johnson,"200 Oak Street, Waterford",2025-11-24T13:04:40.000000,COLLECTIONS,CANCEL4
34083,Michael Davis,"37 Hillcrest Road, Cork",2025-09-15T07:33:37.000000,LEGAL,LEG_TIT
34108,Laura Jones,"183 Pine Road, Galway",2025-05-31T12:30:52.000000,COLLECTIONS,PRIME
34177,Sarah Jones,"63 Hillcrest Road, Limerick",2025-08-04T17:40:53.000000,LEGAL,LEG_TIT
34223,Sophia Davis,"55 Riverside Drive, Belfast",2025-10-18T00:12:49.000000,LEGAL,LEG VERIF 2
34650,Daniel Miller,"37 Elm Street, Belfast",2025-07-15T19:12:18.000000,COLLECTIONS,CASSIST2
35227,Emma Brown,"44 Hillcrest Road, Sligo",2025-11-01T03:33:35.000000,COLLECTIONS,CANCEL4
35401,John Miller,"164 Sunset Boulevard, Belfast",2025-08-03T20:36:05.000000,LEGAL,LEG_NOT
35504,Daniel Garcia,"53 Cedar Lane, Kilkenny",2025-09-20T01:49:36.000000,COLLECTIONS,PAY OVER
35919,Olivia Rodriguez,"168 Elm Street, Belfast",2025-11-14T18:16:44.000000,COLLECTIONS,PRIME
36291,David Davis,"39 Elm Street, Dublin",2025-02-21T13:46:04.000000,COLLECTIONS,PAY OVER
36313,David Smith,"102 Sunset Boulevard, Sligo",2025-07-28T14:49:00.000000,COLLECTIONS,PRIME_D
36459,Sarah Williams,"52 Oak Street, Belfast",2025-02-26T15:00:40.000000,LEGAL,LEG VERIF 2
36810,Maria Martinez,"81 Riverside Drive, Belfast",2025-05-20T04:03:49.000000,COLLECTIONS,CASSIST2
37628,Maria Johnson,"30 Pine Road, Cork",2025-09-03T22:36:52.000000,LEGAL,LEG_NOT
37744,Sophia Miller,"115 Oak Street, Limerick",2025-09-16T02:52:34.000000,COLLECTIONS,CANCEL2
37781,David Wilson,"105 Riverside Drive, Belfast",2025-11-20T13:58:43.000000,LEGAL,LEG VERIF 1
37798,Sarah Wilson,"54 Elm Street, Cork",2025-07-12T07:01:54.000000,COLLECTIONS,TELSOLUTIONS4
37988,Olivia Martinez,"80 Sunset Boulevard, Belfast",2025-10-06T06:44:39.000000,COLLECTIONS,TELSOLUTIONS4
38621,John Wilson,"37 Maple Avenue, Dublin",2025-01-13T22:39:23.000000,COLLECTIONS,TELSOLUTIONS1
38899,Laura Smith,"119 Sunset Boulevard, Waterford",2025-03-24T18:24:19.000000,LEGAL,LEG VERIF 2
38921,David Rodriguez,"132 Pine Road, Belfast",2025-08-12T18:29:45.000000,COLLECTIONS,TELSOLUTIONS4
39116,Olivia Johnson,"62 Oak Street, Cork",2025-08-03T20:52:07.000000,LEGAL,LEG_TIT
39175,Laura Wilson,"123 Elm Street, Kilkenny",2025-10-18T15:26:00.000000,COLLECTIONS,CASSIST2
39313,John Jones,"90 Riverside Drive, Waterford",2025-06-23T11:30:52.000000,LEGAL,LEG VERIF 2
39453,James Smith,"166 Cedar Lane, Limerick",2025-04-21T13:02:29.000000,LEGAL,LEG VERIF 2
39629,Michael Jones,"178 Cedar Lane, Sligo",2025-09-11T01:43:26.000000,LEGAL,LEG_TIT
39643,Emma Davis,"33 Elm Street, Cork",2025-08-31T17:42:09.000000,LEGAL,HOLD FO
39776,Maria Davis,"113 Maple Avenue, Kilkenny",2025-01-12T00:13:32.000000,COLLECTIONS,CASSIST2
39966,Alex Johnson,"2 Riverside Drive, Limerick",2025-02-21T03:47:21.000000,LEGAL,HOLD FO
40079,Sarah Wilson,"112 Elm Street, Belfast",2025-06-16T18:34:45.000000,LEGAL,LEG_NOT
40198,Alex Williams,"6 Maple Avenue, Kilkenny",2025-11-23T03:15:51.000000,COLLECTIONS,CANCEL4
40540,Daniel Martinez,"168 Pine Road, Cork",2025-04-27T11:48:19.000000,COLLECTIONS,PAY OVER
40659,Sophia Rodriguez,"173 Sunset Boulevard, Kilkenny",2025-08-16T08:20:20.000000,LEGAL,LEG_TIT
40733,Daniel Miller,"77 Cedar Lane, Belfast",2025-07-22T08:52:14.000000,COLLECTIONS,CASSIST2
40856,Alex Rodriguez,"39 Elm Street, Sligo",2025-03-19T13:42:39.000000,LEGAL,LEG VERIF 2
40987,Sophia Martinez,"72 Pine Road, Cork",2025-06-14T08:52:01.000000,COLLECTIONS,TELSOLUTIONS1
41740,John Johnson,"78 Cedar Lane, Dublin",2025-04-28T03:33:29.000000,LEGAL,LEG_NOT
41979,Daniel Williams,"168 Elm Street, Cork",2025-11-06T10:01:46.000000,COLLECTIONS,CASSIST2
42252,Sophia Johnson,"150 Sunset Boulevard, Kilkenny",2025-10-08T19:42:49.000000,COLLECTIONS,TELSOLUTIONS4
42371,David Williams,"102 Elm Street, Belfast",2025-02-27T08:01:43.000000,COLLECTIONS,CANCEL2
42494,Olivia Rodriguez,"146 Pine Road, Waterford",2025-11-10T23:49:33.000000,COLLECTIONS,PRIME
43314,Michael Miller,"13 Elm Street, Belfast",2025-11-14T15:41:23.000000,COLLECTIONS,PRIME
43403,Laura Brown,"183 Hillcrest Road, Dublin",2025-10-02T19:09:02.000000,LEGAL,LEG_TIT
43882,David Smith,"20 Sunset Boulevard, Belfast",2025-11-01T07:56:52.000000,COLLECTIONS,CASSIST2
44060,Sarah Davis,"151 Cedar Lane, Kilkenny",2025-10-08T16:10:53.000000,LEGAL,LEG_NOT
44286,Sophia Davis,"160 Cedar Lane, Cork",2025-06-22T10:14:42.000000,LEGAL,HOLD FO
44289,Michael Miller,"68 Riverside Drive, Galway",2025-10-27T06:29:00.000000,LEGAL,LEG VERIF 1
44502,Maria Williams,"27 Elm Street, Kilkenny",2025-11-11T07:34:16.000000,COLLECTIONS,CANCEL4
45393,Emma Wilson,"84 Sunset Boulevard, Galway",2025-08-08T02:06:34.000000,COLLECTIONS,CANCEL4
45495,Michael Smith,"140 Elm Street, Kilkenny",2025-08-26T19:41:50.000000,COLLECTIONS,TELSOLUTIONS4
45539,James Johnson,"88 Maple Avenue, Sligo",2025-11-01T16:04:29.000000,LEGAL,HOLD FO
45571,Emma Martinez,"93 Cedar Lane, Limerick",2025-06-20T20:45:36.000000,LEGAL,HOLD FO
46155,Sophia Smith,"130 Cedar Lane, Galway",2025-01-11T22:39:42.000000,LEGAL,HOLD FO
46494,Laura Johnson,"178 Cedar Lane, Sligo",2025-07-09T13:50:06.000000,LEGAL,LEG_NOT
46545,David Davis,"101 Sunset Boulevard, Waterford",2025-07-28T17:35:24.000000,COLLECTIONS,PAY OVER
46588,Laura Miller,"68 Cedar Lane, Dublin",2025-07-12T05:31:10.000000,COLLECTIONS,CANCEL2
46662,Michael Johnson,"87 Elm Street, Kilkenny",2025-10-31T19:59:08.000000,LEGAL,HOLD FO
46986,James Martinez,"81 Hillcrest Road, Belfast",2025-05-30T22:44:51.000000,LEGAL,LEG_NOT
46992,James Williams,"15 Cedar Lane, Dublin",2025-08-28T05:35:10.000000,LEGAL,LEG VERIF 1
47103,Daniel Davis,"33 Pine Road, Sligo",2025-10-22T05:45:19.000000,COLLECTIONS,PAY OVER
47450,Olivia Smith,"2 Cedar Lane, Limerick",2025-07-20T18:20:55.000000,LEGAL,LEG VERIF 2
47532,Sophia Jones,"89 Riverside Drive, Sligo",2025-10-14T22:32:07.000000,COLLECTIONS,CASSIST2
47801,John Johnson,"44 Cedar Lane, Dublin",2025-06-23T19:11:59.000000,LEGAL,LEG_TIT
47808,James Garcia,"200 Elm Street, Belfast",2025-03-30T12:12:48.000000,LEGAL,LEG_NOT
47862,James Williams,"77 Riverside Drive, Galway",2025-10-06T11:16:02.000000,LEGAL,LEG_NOT
47933,Emma Brown,"79 Elm Street, Kilkenny",2025-11-01T22:44:48.000000,COLLECTIONS,CANCEL4
47984,Sarah Brown,"111 Riverside Drive, Kilkenny",2025-07-10T02:28:05.000000,COLLECTIONS,TELSOLUTIONS4
48354,Michael Smith,"186 Sunset Boulevard, Kilkenny",2025-08-11T00:35:24.000000,LEGAL,LEG VERIF 2
48388,Alex Smith,"63 Hillcrest Road, Limerick",2025-04-08T08:53:41.000000,COLLECTIONS,TELSOLUTIONS4
48606,John Martinez,"33 Elm Street, Waterford",2025-08-18T05:27:59.000000,LEGAL,HOLD FO
48786,Sophia Martinez,"56 Hillcrest Road, Dublin",2025-07-13T07:01:19.000000,COLLECTIONS,CANCEL4
48880,Alex Martinez,"85 Pine Road, Kilkenny",2025-06-24T16:31:52.000000,LEGAL,LEG_NOT
49823,Alex Jones,"1 Maple Avenue, Belfast",2025-07-06T07:30:23.000000,COLLECTIONS,PAY OVER
49999,James Miller,"47 Riverside Drive, Limerick",2025-07-10T14:15:04.000000,LEGAL,LEG VERIF 1
50515,Sarah Miller,"153 Pine Road, Limerick",2025-10-20T02:39:49.000000,LEGAL,LEG VERIF 1
50973,Emma Miller,"128 Maple Avenue, Galway",2025-06-11T18:17:23.000000,COLLECTIONS,CASSIST2
51089,Laura Garcia,"41 Maple Avenue, Galway",2025-11-14T16:15:03.000000,COLLECTIONS,CANCEL4
51216,Olivia Martinez,"180 Pine Road, Waterford",2025-09-17T02:56:02.000000,LEGAL,LEG_TIT
51246,Sarah Williams,"142 Oak Street, Limerick",2025-08-26T20:32:13.000000,COLLECTIONS,PRIME
51596,James Rodriguez,"150 Oak Street, Sligo",2025-11-19T01:50:55.000000,LEGAL,LEG_NOT
52017,Maria Wilson,"152 Riverside Drive, Sligo",2025-08-26T15:03:35.000000,LEGAL,LEG_NOT
52087,Maria Brown,"120 Hillcrest Road, Belfast",2025-05-30T18:32:01.000000,LEGAL,LEG VERIF 2
52137,David Brown,"158 Cedar Lane, Sligo",2025-10-27T10:15:50.000000,COLLECTIONS,CANCEL2
52436,Michael Rodriguez,"82 Elm Street, Waterford",2025-09-14T16:38:28.000000,COLLECTIONS,TELSOLUTIONS4
52609,Sophia Brown,"53 Pine Road, Limerick",2025-08-25T02:51:43.000000,COLLECTIONS,TELSOLUTIONS4
52697,Sarah Davis,"39 Hillcrest Road, Sligo",2025-08-04T01:43:08.000000,COLLECTIONS,PAY OVER
53016,Laura Johnson,"197 Oak Street, Belfast",2025-08-07T03:59:12.000000,COLLECTIONS,TELSOLUTIONS4
53017,Daniel Smith,"120 Hillcrest Road, Belfast",2025-07-20T22:18:57.000000,LEGAL,LEG VERIF 2
53131,Emma Garcia,"41 Elm Street, Sligo",2025-07-31T07:31:59.000000,LEGAL,HOLD FO
54275,Alex Jones,"90 Oak Street, Sligo",2025-08-05T22:50:05.000000,COLLECTIONS,PRIME_D
54296,Alex Garcia,"135 Oak Street, Belfast",2025-09-16T18:55:50.000000,COLLECTIONS,CANCEL2
54341,Michael Davis,"164 Maple Avenue, Belfast",2025-05-26T18:13:04.000000,LEGAL,HOLD FO
54549,Olivia Miller,"41 Hillcrest Road, Kilkenny",2025-05-30T22:19:17.000000,LEGAL,HOLD FO
54718,Emma Davis,"115 Oak Street, Sligo",2025-06-24T16:06:13.000000,COLLECTIONS,CANCEL2
54765,Daniel Johnson,"88 Maple Avenue, Galway",2025-04-27T05:05:58.000000,LEGAL,LEG_TIT
54885,Olivia Williams,"53 Riverside Drive, Galway",2025-07-01T23:44:19.000000,COLLECTIONS,CANCEL4
55030,Olivia Martinez,"8 Elm Street, Sligo",2025-03-24T02:54:16.000000,LEGAL,HOLD FO
55044,Emma Wilson,"74 Riverside Drive, Galway",2025-10-05T07:57:50.000000,LEGAL,HOLD FO
55047,James Martinez,"78 Pine Road, Waterford",2025-11-05T06:30:46.000000,LEGAL,LEG VERIF 1
55200,Maria Johnson,"134 Elm Street, Galway",2025-04-22T22:45:55.000000,COLLECTIONS,CANCEL2
55558,James Wilson,"110 Sunset Boulevard, Sligo",2025-04-26T07:12:18.000000,COLLECTIONS,PAY OVER
55992,John Miller,"18 Sunset Boulevard, Galway",2025-05-28T23:48:49.000000,COLLECTIONS,TELSOLUTIONS4
56961,John Brown,"83 Riverside Drive, Galway",2025-10-27T07:50:05.000000,COLLECTIONS,TELSOLUTIONS1
57074,James Jones,"76 Sunset Boulevard, Dublin",2025-09-01T20:18:56.000000,COLLECTIONS,PRIME
57417,Daniel Smith,"175 Hillcrest Road, Limerick",2025-06-29T00:53:02.000000,COLLECTIONS,TELSOLUTIONS4
57663,John Johnson,"101 Oak Street, Belfast",2025-11-09T19:41:46.000000,LEGAL,LEG_TIT
57726,John Davis,"22 Cedar Lane, Belfast",2025-06-20T20:32:27.000000,COLLECTIONS,CANCEL4
57819,John Garcia,"141 Elm Street, Sligo",2025-07-02T00:58:51.000000,COLLECTIONS,CANCEL4
58064,Emma Williams,"123 Elm Street, Waterford",2025-05-24T16:43:57.000000,COLLECTIONS,CANCEL2
58120,Alex Jones,"138 Riverside Drive, Kilkenny",2025-06-26T03:10:58.000000,COLLECTIONS,PAY OVER
58244,Emma Wilson,"6 Hillcrest Road, Limerick",2025-11-19T16:09:34.000000,COLLECTIONS,PRIME_D
58434,James Rodriguez,"134 Maple Avenue, Belfast",2025-11-08T23:22:00.000000,COLLECTIONS,PAY OVER
58473,Sophia Brown,"162 Elm Street, Galway",2025-05-14T02:14:08.000000,COLLECTIONS,TELSOLUTIONS1
58892,Maria Johnson,"192 Cedar Lane, Dublin",2025-10-25T03:07:26.000000,LEGAL,LEG VERIF 2
59344,Olivia Jones,"160 Sunset Boulevard, Limerick",2025-07-02T02:58:34.000000,COLLECTIONS,PRIME
59399,Michael Jones,"5 Hillcrest Road, Kilkenny",2025-10-29T07:39:56.000000,COLLECTIONS,PRIME
59505,Daniel Wilson,"113 Pine Road, Limerick",2025-09-21T00:49:38.000000,COLLECTIONS,TELSOLUTIONS4
59639,Emma Miller,"19 Riverside Drive, Dublin",2025-08-11T02:47:06.000000,LEGAL,LEG_TIT
59940,James Smith,"74 Elm Street, Kilkenny",2025-09-15T07:46:43.000000,COLLECTIONS,TELSOLUTIONS1
60001,Alex Brown,"57 Cedar Lane, Kilkenny",2025-01-27T01:17:44.000000,LEGAL,HOLD FO
60048,Sophia Williams,"132 Hillcrest Road, Waterford",2025-01-17T00:11:35.000000,COLLECTIONS,TELSOLUTIONS4
60199,Sophia Brown,"114 Sunset Boulevard, Limerick",2025-03-09T07:15:36.000000,COLLECTIONS,PRIME
60663,Maria Smith,"86 Hillcrest Road, Cork",2025-08-26T09:56:53.000000,LEGAL,HOLD FO
60840,James Miller,"74 Riverside Drive, Limerick",2025-09-22T05:11:19.000000,COLLECTIONS,TELSOLUTIONS4
61279,Maria Smith,"51 Maple Avenue, Dublin",2025-11-05T10:25:53.000000,LEGAL,LEG VERIF 1
61550,Maria Brown,"98 Riverside Drive, Galway",2025-05-29T08:50:03.000000,COLLECTIONS,CANCEL4
61582,David Garcia,"77 Riverside Drive, Belfast",2025-09-13T13:53:42.000000,LEGAL,HOLD FO
61708,John Davis,"142 Elm Street, Dublin",2025-09-23T22:57:38.000000,LEGAL,LEG_NOT
61934,Sarah Johnson,"36 Maple Avenue, Cork",2025-09-16T13:07:35.000000,COLLECTIONS,CANCEL2
62345,Laura Miller,"189 Cedar Lane, Cork",2025-08-02T09:00:00.000000,COLLECTIONS,PRIME_D
62377,Olivia Brown,"156 Pine Road, Sligo",2025-03-02T18:57:36.000000,COLLECTIONS,CASSIST2
62495,Olivia Miller,"154 Elm Street, Limerick",2025-10-19T10:31:47.000000,COLLECTIONS,CANCEL4
62595,Sarah Davis,"25 Pine Road, Sligo",2025-09-17T21:59:44.000000,LEGAL,LEG_NOT
62692,Maria Miller,"186 Maple Avenue, Sligo",2025-04-09T17:08:12.000000,COLLECTIONS,TELSOLUTIONS4
63099,Alex Martinez,"170 Elm Street, Kilkenny",2025-08-10T20:18:12.000000,COLLECTIONS,CANCEL4
63223,Daniel Smith,"39 Oak Street, Kilkenny",2025-06-20T15:20:36.000000,COLLECTIONS,CANCEL2
63285,Sarah Williams,"159 Oak Street, Cork",2025-11-04T15:07:19.000000,LEGAL,LEG_TIT
63368,John Johnson,"56 Elm Street, Limerick",2025-09-13T08:45:27.000000,COLLECTIONS,PRIME_D
63538,Alex Brown,"134 Hillcrest Road, Cork",2025-06-07T16:58:00.000000,COLLECTIONS,PRIME
63848,Emma Williams,"57 Oak Street, Limerick",2025-05-18T09:13:55.000000,LEGAL,LEG VERIF 1
64070,Laura Davis,"42 Elm Street, Galway",2025-07-31T19:55:37.000000,LEGAL,LEG VERIF 1
64136,Laura Garcia,"146 Cedar Lane, Sligo",2025-10-03T20:42:15.000000,COLLECTIONS,PRIME_D
64246,Laura Smith,"182 Riverside Drive, Galway",2025-11-20T10:02:19.000000,LEGAL,LEG_NOT
64713,John Johnson,"87 Oak Street, Belfast",2025-11-26T13:36:37.000000,COLLECTIONS,CANCEL4
65156,Sarah Smith,"138 Elm Street, Galway",2025-02-04T14:57:01.000000,COLLECTIONS,CASSIST2
65428,David Jones,"35 Hillcrest Road, Limerick",2025-08-11T16:13:54.000000,LEGAL,LEG_TIT
65559,Sophia Miller,"7 Maple Avenue, Kilkenny",2025-09-13T01:09:40.000000,COLLECTIONS,CANCEL4
65773,James Miller,"140 Riverside Drive, Kilkenny",2025-06-06T12:04:26.000000,COLLECTIONS,PRIME
66106,Michael Davis,"56 Pine Road, Galway",2025-07-27T15:06:22.000000,LEGAL,HOLD FO
66138,John Jones,"170 Hillcrest Road, Sligo",2025-07-20T04:09:21.000000,COLLECTIONS,PRIME_D
66158,Emma Martinez,"99 Cedar Lane, Waterford",2025-07-02T11:05:24.000000,COLLECTIONS,CASSIST2
66216,Sophia Smith,"182 Pine Road, Limerick",2025-04-26T05:35:38.000000,LEGAL,LEG VERIF 1
66463,John Wilson,"104 Sunset Boulevard, Kilkenny",2025-11-14T14:45:49.000000,LEGAL,HOLD FO
66755,Laura Martinez,"93 Elm Street, Sligo",2025-05-06T04:19:30.000000,LEGAL,LEG_NOT
66787,Alex Rodriguez,"26 Elm Street, Sligo",2025-09-11T21:53:44.000000,COLLECTIONS,PAY OVER
67396,Maria Johnson,"32 Riverside Drive, Sligo",2025-11-16T02:19:57.000000,COLLECTIONS,CASSIST2
67443,Sarah Brown,"134 Cedar Lane, Galway",2025-11-18T13:43:23.000000,LEGAL,LEG_TIT
67687,Maria Martinez,"196 Riverside Drive, Belfast",2025-05-13T21:34:47.000000,COLLECTIONS,CANCEL4
67701,Alex Brown,"116 Maple Avenue, Waterford",2025-10-20T02:23:33.000000,COLLECTIONS,TELSOLUTIONS4
68126,Olivia Davis,"162 Maple Avenue, Limerick",2025-09-21T15:58:50.000000,COLLECTIONS,PAY OVER
68436,Emma Johnson,"189 Oak Street, Cork",2025-02-26T19:03:17.000000,LEGAL,LEG VERIF 1
68484,Michael Wilson,"53 Elm Street, Kilkenny",2025-07-31T10:03:11.000000,LEGAL,LEG_NOT
68861,Emma Rodriguez,"115 Sunset Boulevard, Cork",2025-08-11T05:36:59.000000,LEGAL,LEG_TIT
69313,Alex Davis,"143 Riverside Drive, Cork",2025-07-10T10:30:35.000000,LEGAL,LEG_TIT
69791,Michael Rodriguez,"160 Maple Avenue, Belfast",2025-07-27T02:08:38.000000,COLLECTIONS,PRIME
69833,Laura Garcia,"200 Hillcrest Road, Kilkenny",2025-11-11T16:04:49.000000,COLLECTIONS,CANCEL2
70180,Michael Garcia,"19 Oak Street, Galway",2025-05-09T11:56:56.000000,COLLECTIONS,CANCEL4
70219,John Johnson,"59 Maple Avenue, Sligo",2025-11-08T09:06:00.000000,COLLECTIONS,PRIME
70437,Olivia Miller,"185 Oak Street, Belfast",2025-07-04T22:26:45.000000,COLLECTIONS,CASSIST2
70629,Michael Rodriguez,"172 Oak Street, Belfast",2025-03-31T13:37:28.000000,COLLECTIONS,CANCEL2
71125,John Brown,"136 Maple Avenue, Kilkenny",2025-07-31T02:44:02.000000,COLLECTIONS,CANCEL2
71242,James Davis,"9 Hillcrest Road, Kilkenny",2025-09-09T04:41:23.000000,LEGAL,LEG VERIF 1
72278,Laura Davis,"100 Cedar Lane, Limerick",2025-11-16T01:55:19.000000,COLLECTIONS,PAY OVER
72758,Emma Brown,"197 Oak Street, Dublin",2025-10-31T15:43:42.000000,COLLECTIONS,PRIME
72838,Laura Martinez,"18 Elm Street, Waterford",2025-08-25T00:50:10.000000,LEGAL,LEG VERIF 1
73332,Laura Miller,"138 Elm Street, Galway",2025-03-05T15:47:16.000000,COLLECTIONS,TELSOLUTIONS4
73556,Emma Rodriguez,"154 Oak Street, Belfast",2025-01-31T09:04:18.000000,COLLECTIONS,CANCEL4
73634,Daniel Johnson,"43 Hillcrest Road, Waterford",2025-08-07T20:24:41.000000,LEGAL,LEG VERIF 2
73732,Laura Williams,"139 Maple Avenue, Galway",2025-11-06T19:11:30.000000,LEGAL,LEG VERIF 1
73980,Laura Martinez,"92 Cedar Lane, Limerick",2025-11-11T20:30:43.000000,COLLECTIONS,CANCEL4
74104,Sarah Rodriguez,"106 Riverside Drive, Kilkenny",2025-09-16T18:35:35.000000,COLLECTIONS,CANCEL4
74228,Sarah Martinez,"44 Sunset Boulevard, Sligo",2025-06-30T16:00:42.000000,LEGAL,LEG VERIF 1
74428,Laura Martinez,"15 Cedar Lane, Kilkenny",2025-07-24T06:09:40.000000,LEGAL,LEG VERIF 1
74670,Laura Rodriguez,"189 Maple Avenue, Galway",2025-09-01T00:38:01.000000,LEGAL,LEG VERIF 2
74699,John Williams,"171 Riverside Drive, Limerick",2025-08-07T00:26:44.000000,COLLECTIONS,TELSOLUTIONS4
74894,Emma Garcia,"190 Sunset Boulevard, Belfast",2025-11-16T00:15:49.000000,LEGAL,LEG VERIF 1
75042,Sophia Jones,"52 Cedar Lane, Limerick",2025-08-01T16:19:50.000000,COLLECTIONS,CASSIST2
75723,Olivia Williams,"141 Pine Road, Waterford",2025-06-08T01:06:20.000000,COLLECTIONS,TELSOLUTIONS1
76500,John Garcia,"176 Sunset Boulevard, Cork",2025-10-31T12:11:54.000000,LEGAL,HOLD FO
77145,Michael Williams,"7 Cedar Lane, Cork",2025-04-21T15:09:19.000000,COLLECTIONS,CANCEL2
77262,Daniel Garcia,"46 Sunset Boulevard, Limerick",2025-08-11T06:13:42.000000,COLLECTIONS,CANCEL2
77356,Daniel Martinez,"158 Oak Street, Sligo",2025-11-21T17:50:38.000000,COLLECTIONS,PRIME_D
77395,Olivia Jones,"178 Riverside Drive, Kilkenny",2025-08-09T07:13:20.000000,LEGAL,LEG VERIF 1
77426,Alex Miller,"136 Elm Street, Dublin",2025-10-03T03:13:23.000000,LEGAL,LEG_NOT
77513,Laura Smith,"35 Hillcrest Road, Belfast",2025-11-09T23:48:53.000000,COLLECTIONS,CASSIST2
77521,Michael Martinez,"104 Sunset Boulevard, Galway",2025-02-18T23:09:10.000000,COLLECTIONS,CANCEL2
77524,Maria Martinez,"55 Elm Street, Sligo",2025-09-01T11:09:19.000000,LEGAL,HOLD FO
77535,Michael Johnson,"25 Maple Avenue, Sligo",2025-08-09T21:48:50.000000,COLLECTIONS,CANCEL2
78078,John Miller,"48 Riverside Drive, Limerick",2025-10-12T11:06:11.000000,COLLECTIONS,CANCEL2
78353,John Rodriguez,"87 Oak Street, Galway",2025-01-22T23:35:05.000000,LEGAL,LEG VERIF 1
78416,Laura Wilson,"31 Hillcrest Road, Limerick",2025-02-11T03:00:24.000000,LEGAL,LEG VERIF 1
78528,Laura Rodriguez,"120 Pine Road, Belfast",2025-08-26T09:56:21.000000,COLLECTIONS,PRIME
78633,James Davis,"20 Maple Avenue, Waterford",2025-09-06T14:44:25.000000,LEGAL,LEG_TIT
79212,Sophia Rodriguez,"177 Oak Street, Belfast",2025-07-15T15:10:50.000000,LEGAL,LEG_TIT
79521,Sophia Jones,"196 Sunset Boulevard, Cork",2025-07-25T19:45:54.000000,LEGAL,HOLD FO
80451,Sophia Wilson,"3 Hillcrest Road, Cork",2025-09-05T16:25:31.000000,LEGAL,LEG_NOT
80893,Alex Wilson,"36 Cedar Lane, Sligo",2025-07-04T01:25:12.000000,COLLECTIONS,PAY OVER
81029,Michael Garcia,"163 Elm Street, Waterford",2025-02-05T02:45:11.000000,COLLECTIONS,CASSIST2
81469,Sarah Johnson,"130 Elm Street, Belfast",2025-10-08T05:36:13.000000,LEGAL,LEG_NOT
81634,David Jones,"195 Hillcrest Road, Dublin",2025-06-27T19:54:40.000000,LEGAL,LEG_TIT
81675,Alex Smith,"53 Maple Avenue, Kilkenny",2025-06-16T20:17:00.000000,LEGAL,LEG_TIT
82007,Sarah Williams,"99 Oak Street, Cork",2025-01-06T17:13:30.000000,LEGAL,LEG VERIF 1
82269,Maria Martinez,"175 Oak Street, Galway",2025-11-26T09:31:40.000000,LEGAL,LEG VERIF 2
82324,David Smith,"60 Maple Avenue, Limerick",2025-10-21T09:33:01.000000,LEGAL,LEG VERIF 2
82487,Daniel Miller,"195 Riverside Drive, Belfast",2025-11-08T04:49:58.000000,LEGAL,LEG VERIF 2
82526,John Davis,"136 Riverside Drive, Galway",2025-05-06T03:59:46.000000,LEGAL,HOLD FO
82735,James Smith,"105 Riverside Drive, Limerick",2025-03-05T00:33:56.000000,COLLECTIONS,TELSOLUTIONS1
82789,Maria Garcia,"57 Oak Street, Galway",2025-09-03T14:37:58.000000,COLLECTIONS,CANCEL2
83051,James Miller,"200 Hillcrest Road, Waterford",2025-08-26T06:24:49.000000,COLLECTIONS,PRIME
83620,David Wilson,"122 Pine Road, Waterford",2025-11-19T08:01:28.000000,COLLECTIONS,PRIME
83652,Maria Brown,"121 Elm Street, Limerick",2025-01-02T12:40:52.000000,COLLECTIONS,PRIME
83776,Maria Smith,"105 Pine Road, Kilkenny",2025-08-05T00:45:01.000000,LEGAL,LEG VERIF 1
83943,David Wilson,"188 Cedar Lane, Belfast",2025-05-22T12:37:12.000000,COLLECTIONS,PAY OVER
84118,Michael Jones,"56 Maple Avenue, Waterford",2025-05-21T02:42:40.000000,COLLECTIONS,PRIME_D
84211,John Garcia,"23 Maple Avenue, Dublin",2025-05-09T18:21:19.000000,COLLECTIONS,CANCEL2
84256,Sarah Brown,"185 Elm Street, Waterford",2025-09-24T21:15:33.000000,COLLECTIONS,TELSOLUTIONS4
84455,Daniel Smith,"118 Maple Avenue, Galway",2025-08-23T18:24:32.000000,COLLECTIONS,TELSOLUTIONS4
84845,Sarah Rodriguez,"89 Riverside Drive, Waterford",2025-07-09T16:01:13.000000,LEGAL,LEG_TIT
85043,Sarah Rodriguez,"103 Cedar Lane, Cork",2025-06-30T16:56:18.000000,LEGAL,LEG VERIF 1
85173,Emma Martinez,"141 Sunset Boulevard, Cork",2025-10-17T05:29:11.000000,LEGAL,LEG_TIT
85241,Emma Brown,"57 Maple Avenue, Kilkenny",2025-03-27T10:39:40.000000,LEGAL,LEG VERIF 1
85441,John Garcia,"125 Hillcrest Road, Sligo",2025-08-11T20:56:23.000000,COLLECTIONS,CASSIST2
85466,David Williams,"131 Cedar Lane, Dublin",2025-11-09T18:50:37.000000,LEGAL,HOLD FO
85557,James Smith,"69 Oak Street, Kilkenny",2025-10-31T11:58:57.000000,LEGAL,LEG_TIT
85869,Sarah Miller,"159 Pine Road, Sligo",2025-10-01T02:26:49.000000,COLLECTIONS,CANCEL2
85922,John Rodriguez,"94 Pine Road, Sligo",2025-02-24T14:24:35.000000,COLLECTIONS,PAY OVER
86013,Daniel Smith,"124 Sunset Boulevard, Belfast",2025-08-24T06:53:12.000000,COLLECTIONS,PRIME
86015,Sarah Miller,"151 Sunset Boulevard, Kilkenny",2025-10-10T19:40:45.000000,LEGAL,LEG_TIT
86086,Laura Garcia,"68 Pine Road, Sligo",2025-04-08T19:01:35.000000,LEGAL,HOLD FO
86347,Michael Johnson,"31 Pine Road, Galway",2025-11-15T23:06:15.000000,LEGAL,HOLD FO
86494,Laura Jones,"188 Sunset Boulevard, Dublin",2025-03-05T01:00:45.000000,LEGAL,LEG_NOT
86543,Sophia Davis,"180 Hillcrest Road, Belfast",2025-10-20T04:21:21.000000,LEGAL,LEG VERIF 2
86556,Michael Brown,"113 Elm Street, Kilkenny",2025-09-07T01:08:41.000000,COLLECTIONS,PAY OVER
86646,Sarah Williams,"29 Hillcrest Road, Galway",2025-08-08T23:30:24.000000,COLLECTIONS,PAY OVER
86650,David Rodriguez,"156 Sunset Boulevard, Kilkenny",2025-11-20T09:47:26.000000,COLLECTIONS,CASSIST2
86693,James Jones,"164 Cedar Lane, Kilkenny",2025-08-13T15:19:04.000000,LEGAL,LEG VERIF 2
87394,Daniel Smith,"142 Sunset Boulevard, Waterford",2025-02-27T20:22:08.000000,COLLECTIONS,CANCEL2
87459,Alex Jones,"102 Cedar Lane, Belfast",2025-07-14T09:10:37.000000,LEGAL,LEG VERIF 1
87813,Olivia Johnson,"55 Hillcrest Road, Galway",2025-06-04T00:33:24.000000,LEGAL,LEG VERIF 2
87921,Alex Brown,"3 Hillcrest Road, Galway",2025-10-04T04:58:03.000000,LEGAL,LEG_TIT
88060,David Johnson,"107 Pine Road, Waterford",2025-11-14T05:20:21.000000,COLLECTIONS,PAY OVER
88213,David Williams,"8 Pine Road, Kilkenny",2025-06-19T19:07:38.000000,LEGAL,LEG_NOT
88333,Olivia Brown,"145 Riverside Drive, Belfast",2025-11-22T21:47:44.000000,LEGAL,LEG VERIF 2
88706,Laura Williams,"49 Elm Street, Kilkenny",2025-05-01T13:23:55.000000,LEGAL,HOLD FO
88716,Emma Rodriguez,"113 Cedar Lane, Galway",2025-09-28T14:06:26.000000,COLLECTIONS,CASSIST2
89082,Michael Smith,"188 Hillcrest Road, Belfast",2025-07-23T12:12:35.000000,LEGAL,LEG_TIT
89176,Sarah Johnson,"105 Cedar Lane, Galway",2025-11-09T18:07:38.000000,COLLECTIONS,CANCEL4
89178,Daniel Garcia,"76 Cedar Lane, Galway",2025-10-21T18:47:19.000000,COLLECTIONS,PAY OVER
89313,Olivia Williams,"72 Sunset Boulevard, Sligo",2025-09-01T20:55:34.000000,COLLECTIONS,TELSOLUTIONS1
89612,Daniel Jones,"194 Cedar Lane, Cork",2025-07-06T05:24:19.000000,COLLECTIONS,CANCEL2
89637,Olivia Smith,"50 Cedar Lane, Dublin",2025-03-19T09:55:07.000000,COLLECTIONS,PRIME
89946,John Brown,"125 Maple Avenue, Cork",2025-07-13T03:26:13.000000,COLLECTIONS,CANCEL4
90213,Laura Smith,"33 Riverside Drive, Kilkenny",2025-10-16T14:23:16.000000,COLLECTIONS,PRIME_D
90467,Laura Williams,"8 Maple Avenue, Galway",2025-11-12T22:00:35.000000,COLLECTIONS,TELSOLUTIONS1
90540,Maria Brown,"8 Maple Avenue, Galway",2025-11-20T18:41:37.000000,LEGAL,LEG_TIT
90725,David Williams,"35 Oak Street, Cork",2025-08-06T14:01:45.000000,LEGAL,LEG VERIF 1
90869,David Jones,"143 Sunset Boulevard, Waterford",2025-08-25T19:18:22.000000,LEGAL,LEG_TIT
91099,John Brown,"171 Elm Street, Belfast",2025-01-17T15:13:09.000000,LEGAL,HOLD FO
91142,Michael Rodriguez,"159 Pine Road, Waterford",2025-03-27T00:47:16.000000,COLLECTIONS,CASSIST2
91173,Sarah Wilson,"18 Pine Road, Cork",2025-03-14T09:52:45.000000,LEGAL,HOLD FO
91402,Alex Rodriguez,"161 Hillcrest Road, Dublin",2025-09-20T20:22:00.000000,LEGAL,LEG_NOT
91435,David Smith,"2 Sunset Boulevard, Dublin",2025-11-19T00:32:51.000000,LEGAL,HOLD FO
91558,Sophia Rodriguez,"139 Riverside Drive, Galway",2025-06-06T16:58:30.000000,COLLECTIONS,CASSIST2
91658,Olivia Davis,"106 Cedar Lane, Sligo",2025-10-31T00:47:39.000000,COLLECTIONS,TELSOLUTIONS1
91678,Laura Garcia,"104 Cedar Lane, Waterford",2025-08-25T15:08:56.000000,COLLECTIONS,PRIME_D
91710,Olivia Williams,"53 Sunset Boulevard, Limerick",2025-10-14T22:04:04.000000,LEGAL,LEG_TIT
91712,Maria Martinez,"181 Maple Avenue, Dublin",2025-09-03T01:56:47.000000,COLLECTIONS,TELSOLUTIONS4
92221,David Garcia,"125 Sunset Boulevard, Sligo",2025-08-21T02:05:12.000000,LEGAL,HOLD FO
92255,Sophia Martinez,"67 Maple Avenue, Sligo",2025-08-18T07:25:49.000000,LEGAL,LEG VERIF 1
92669,John Davis,"72 Pine Road, Kilkenny",2025-01-14T14:47:07.000000,LEGAL,LEG VERIF 1
92829,Michael Jones,"2 Sunset Boulevard, Kilkenny",2025-02-22T15:04:35.000000,COLLECTIONS,CANCEL2
93257,Daniel Williams,"50 Riverside Drive, Sligo",2025-07-05T23:13:28.000000,LEGAL,LEG VERIF 1
93496,Emma Miller,"55 Sunset Boulevard, Sligo",2025-11-16T07:45:22.000000,COLLECTIONS,CASSIST2
93774,James Jones,"97 Elm Street, Waterford",2025-08-02T02:07:57.000000,COLLECTIONS,CASSIST2
93809,Sophia Brown,"68 Riverside Drive, Dublin",2025-03-17T10:27:15.000000,LEGAL,LEG VERIF 1
93890,Maria Smith,"163 Riverside Drive, Cork",2025-11-09T22:15:38.000000,COLLECTIONS,PAY OVER
94193,David Rodriguez,"28 Cedar Lane, Sligo",2025-11-07T19:11:35.000000,LEGAL,HOLD FO
94400,Michael Miller,"104 Cedar Lane, Dublin",2025-10-20T00:01:10.000000,LEGAL,LEG VERIF 1
94606,Sophia Davis,"154 Elm Street, Waterford",2025-05-06T01:19:56.000000,COLLECTIONS,CANCEL2
94638,David Wilson,"139 Cedar Lane, Cork",2025-11-24T02:04:46.000000,COLLECTIONS,PRIME
94706,Alex Davis,"55 Elm Street, Galway",2025-08-29T18:04:24.000000,COLLECTIONS,PRIME_D
94714,Sophia Brown,"85 Cedar Lane, Dublin",2025-11-06T18:22:55.000000,COLLECTIONS,PRIME_D
94751,Emma Rodriguez,"158 Maple Avenue, Kilkenny",2025-08-17T18:42:27.000000,LEGAL,LEG VERIF 2
94928,John Williams,"19 Pine Road, Belfast",2025-05-31T17:21:11.000000,COLLECTIONS,PRIME_D
94956,Alex Jones,"144 Riverside Drive, Limerick",2025-04-03T20:18:16.000000,COLLECTIONS,TELSOLUTIONS4
95157,Emma Jones,"67 Elm Street, Galway",2025-09-13T14:30:23.000000,COLLECTIONS,PRIME_D
95230,Sophia Rodriguez,"48 Sunset Boulevard, Limerick",2025-07-19T16:01:43.000000,COLLECTIONS,TELSOLUTIONS4
95232,John Rodriguez,"124 Sunset Boulevard, Limerick",2025-11-24T10:58:36.000000,LEGAL,LEG VERIF 2
95274,Laura Jones,"120 Maple Avenue, Kilkenny",2025-09-17T08:57:24.000000,LEGAL,HOLD FO
95291,Michael Garcia,"159 Oak Street, Sligo",2025-11-11T16:46:05.000000,LEGAL,LEG VERIF 1
95324,Emma Brown,"136 Cedar Lane, Sligo",2025-11-03T13:50:55.000000,LEGAL,LEG_NOT
95599,Michael Wilson,"70 Maple Avenue, Sligo",2025-10-04T21:05:07.000000,LEGAL,LEG VERIF 1
95948,James Davis,"45 Riverside Drive, Cork",2025-05-20T23:38:23.000000,COLLECTIONS,PRIME_D
95997,Michael Martinez,"118 Elm Street, Waterford",2025-09-03T22:02:53.000000,COLLECTIONS,CANCEL2
96035,Laura Garcia,"59 Maple Avenue, Sligo",2025-02-16T04:45:36.000000,LEGAL,LEG VERIF 2
96425,Sophia Martinez,"142 Elm Street, Galway",2025-03-02T17:49:06.000000,COLLECTIONS,TELSOLUTIONS4
96772,Laura Brown,"127 Oak Street, Dublin",2025-05-14T16:23:04.000000,LEGAL,LEG VERIF 1
97132,Sophia Jones,"183 Oak Street, Belfast",2025-10-25T04:36:09.000000,LEGAL,LEG_TIT
97280,Maria Wilson,"104 Oak Street, Galway",2025-04-26T16:53:24.000000,LEGAL,LEG VERIF 1
97661,Laura Williams,"148 Oak Street, Limerick",2025-11-19T11:44:12.000000,LEGAL,LEG_TIT
97730,Olivia Smith,"186 Sunset Boulevard, Limerick",2025-11-10T01:04:33.000000,LEGAL,HOLD FO
97918,Daniel Smith,"123 Riverside Drive, Sligo",2025-05-03T02:28:57.000000,LEGAL,LEG VERIF 2
97989,David Williams,"177 Pine Road, Kilkenny",2025-10-13T15:51:39.000000,LEGAL,HOLD FO
98254,Sarah Rodriguez,"3 Pine Road, Sligo",2025-09-27T12:16:40.000000,LEGAL,LEG VERIF 1
98794,Sarah Martinez,"10 Maple Avenue, Cork",2025-06-09T13:21:24.000000,LEGAL,LEG_NOT
98849,Laura Wilson,"152 Oak Street, Cork",2025-09-30T06:20:07.000000,COLLECTIONS,TELSOLUTIONS1
98909,Michael Rodriguez,"83 Maple Avenue, Limerick",2025-09-11T15:10:28.000000,LEGAL,LEG_NOT
99694,Sophia Rodriguez,"10 Elm Street, Belfast",2025-06-07T18:49:23.000000,COLLECTIONS,CANCEL4
99755,Michael Johnson,"45 Pine Road, Kilkenny",2025-09-13T20:48:45.000000,LEGAL,LEG_NOT
